<?xml version="1.0"?>
<!DOCTYPE look-and-feel PUBLIC "-//Liferay//DTD Look and Feel 7.3.0//EN" "http://www.liferay.com/dtd/liferay-look-and-feel_7_3_0.dtd">

<look-and-feel>
	<compatibility>
		<version>7.3.0+</version>
	</compatibility>
	<theme id="livingstone-fjord-theme" name="Livingstone Fjord Theme">
		<template-extension>ftl</template-extension>
		<!-- Theme Setting For Livingstone Fjord Theme-->
		<settings>
			<setting configurable="false" key="color-palette" value="primary,success,danger,warning,info,dark,gray-dark,secondary,light,lighter,white"/>
			<setting configurable="true" key="show-footer" type="checkbox" value="true" />
			<setting configurable="true" key="show-header" type="checkbox" value="true" />
			<setting configurable="true" key="show-main-navigation-in-full-screen" type="checkbox" value="false" />
			<setting configurable="true" key="show-site-name-default" value="true" />
			<setting configurable="true" key="show-site-name-supported" value="true" />
			<setting configurable="true" key="use-a-retina-logo" type="checkbox" value="true" />
			<!-- Social Metting Setting and Links-->
			<setting configurable="true" key="facebook-icon" type="checkbox" value="true"/>
			<setting configurable="true" key="facebook-icon-link-url" value="http://www.facebook.com"/>
			<setting configurable="true" key="twitter-icon" type="checkbox" value="true"/>
			<setting configurable="true" key="twitter-icon-link-url" value="http://www.twitter.com"/>
		</settings>
		<layout-templates>
	<custom>
		<layout-template id="2-columns-25-75" name="2 Columns (25/75)">
			<template-path>/images/23.jpeg</template-path>
			<thumbnail-path>/images/23.jpeg</thumbnail-path>
		</layout-template>
	</custom>
</layout-templates>
		<color-scheme id="01" name="Default">
        <default-cs>true</default-cs>
        <css-class>default</css-class>
        <color-scheme-images-path>
            ${images-path}/color_schemes/${css-class}
        </color-scheme-images-path>
    </color-scheme>
    <color-scheme id="02" name="Day">
        <css-class>day</css-class>
    </color-scheme>
    <color-scheme id="03" name="Night">
        <css-class>night</css-class>
    </color-scheme>


	

		<portlet-decorator id="barebone" name="Barebone">
			<portlet-decorator-css-class>portlet-barebone</portlet-decorator-css-class>
		</portlet-decorator>
		<portlet-decorator id="borderless" name="Borderless">
			<portlet-decorator-css-class>portlet-borderless</portlet-decorator-css-class>
		</portlet-decorator>
		<portlet-decorator id="decorate" name="Decorate">
			<default-portlet-decorator>true</default-portlet-decorator>
			<portlet-decorator-css-class>portlet-decorate</portlet-decorator-css-class>
		</portlet-decorator>
		<portlet-decorator id="solid" name="Solid">
			<portlet-decorator-css-class>portlet-solid</portlet-decorator-css-class>
		</portlet-decorator>
	</theme>
</look-and-feel>
